sample_ind,sample
181,SpacePoint(objects=StructPoint(object0=StructPoint(angularSpeed=0.0, controller=None, elevation=None, heading=0.07845328177190825, lastActions=None, length=1.0, position=(-63.04266699948473, -104.63331035071766), positionOffset=(0.0, 0.0), resetController=True, rotationOffset=0.0, speed=0.0, type='Follower', velocity=(0.0, 0.0), webotsName='FOLLOWER', webotsObject=None, webotsType=None, width=1.0), object1=StructPoint(angularSpeed=0.0, color=[0.0, 1.0, 0.0], controller=None, elevation=None, heading=0.0, lastActions=None, length=1.0, position=(18.833333333333336, -52.11224489795919), positionOffset=(0.0, 0.0), resetController=True, rotationOffset=0.0, speed=0.0, type='ObstacleL', velocity=(0.0, 0.0), webotsName='OBSTACLE', webotsObject=None, webotsType=None, width=1.0), object2=StructPoint(angularSpeed=0.0, color=[0.5, 0.5, 0.5], controller=None, elevation=None, heading=0.0, lastActions=None, length=1.0, position=(37.765306122448976, -15.5), positionOffset=(0.0, 0.0), resetController=True, rotationOffset=0.0, speed=0.0, type='ObstacleS', velocity=(0.0, 0.0), webotsName='OBSTACLE', webotsObject=None, webotsType=None, width=1.0), object3=StructPoint(angularSpeed=0.0, color=[0.0, 0.0, 1.0], controller=None, elevation=None, heading=0.0, lastActions=None, length=1.0, position=(64.87878787878788, -51.80612244897959), positionOffset=(0.0, 0.0), resetController=True, rotationOffset=0.0, speed=0.0, type='ObstacleR', velocity=(0.0, 0.0), webotsName='OBSTACLE', webotsObject=None, webotsType=None, width=1.0), object4=StructPoint(angularSpeed=0.0, controller=None, elevation=None, heading=0.0, ind='L', lastActions=None, length=1.0, mode='falsify', position=(0, 0), positionOffset=(0.0, 0.0), resetController=True, rotationOffset=0.0, speed=0.0, type='Scenario', velocity=(0.0, 0.0), webotsName='SCENARIO', webotsObject=None, webotsType=None, width=1.0), object5=StructPoint(angularSpeed=0.0, controller=None, elevation=None, heading=-0.028201994902947405, lastActions=None, length=1.0, position=(-55.403196695364066, -104.38853255223611), positionOffset=(0.0, 0.0), resetController=True, rotationOffset=0.0, speed=0.0, type='Lead', velocity=(0.0, 0.0), webotsName='LEAD', webotsObject=None, webotsType=None, width=1.0)), params=StructPoint())
182,SpacePoint(objects=StructPoint(object0=StructPoint(angularSpeed=0.0, controller=None, elevation=None, heading=0.049151710056952486, lastActions=None, length=1.0, position=(-64.05537294007321, -104.48801429276108), positionOffset=(0.0, 0.0), resetController=True, rotationOffset=0.0, speed=0.0, type='Follower', velocity=(0.0, 0.0), webotsName='FOLLOWER', webotsObject=None, webotsType=None, width=1.0), object1=StructPoint(angularSpeed=0.0, color=[0.0, 0.0, 0.0], controller=None, elevation=None, heading=0.0, lastActions=None, length=1.0, position=(21.106060606060606, -35.683673469387756), positionOffset=(0.0, 0.0), resetController=True, rotationOffset=0.0, speed=0.0, type='ObstacleL', velocity=(0.0, 0.0), webotsName='OBSTACLE', webotsObject=None, webotsType=None, width=1.0), object2=StructPoint(angularSpeed=0.0, color=[1.0, 0.0, 0.0], controller=None, elevation=None, heading=0.0, lastActions=None, length=1.0, position=(52.295918367346935, -24.59090909090909), positionOffset=(0.0, 0.0), resetController=True, rotationOffset=0.0, speed=0.0, type='ObstacleS', velocity=(0.0, 0.0), webotsName='OBSTACLE', webotsObject=None, webotsType=None, width=1.0), object3=StructPoint(angularSpeed=0.0, color=[1.0, 1.0, 1.0], controller=None, elevation=None, heading=0.0, lastActions=None, length=1.0, position=(62.95959595959596, -53.03061224489796), positionOffset=(0.0, 0.0), resetController=True, rotationOffset=0.0, speed=0.0, type='ObstacleR', velocity=(0.0, 0.0), webotsName='OBSTACLE', webotsObject=None, webotsType=None, width=1.0), object4=StructPoint(angularSpeed=0.0, controller=None, elevation=None, heading=0.0, ind='R', lastActions=None, length=1.0, mode='falsify', position=(0, 0), positionOffset=(0.0, 0.0), resetController=True, rotationOffset=0.0, speed=0.0, type='Scenario', velocity=(0.0, 0.0), webotsName='SCENARIO', webotsObject=None, webotsType=None, width=1.0), object5=StructPoint(angularSpeed=0.0, controller=None, elevation=None, heading=-0.008698290423829304, lastActions=None, length=1.0, position=(-56.42169772205257, -105.14318692329604), positionOffset=(0.0, 0.0), resetController=True, rotationOffset=0.0, speed=0.0, type='Lead', velocity=(0.0, 0.0), webotsName='LEAD', webotsObject=None, webotsType=None, width=1.0)), params=StructPoint())
183,SpacePoint(objects=StructPoint(object0=StructPoint(angularSpeed=0.0, controller=None, elevation=None, heading=-0.000809535976749325, lastActions=None, length=1.0, position=(-63.41611298803447, -105.43410833364547), positionOffset=(0.0, 0.0), resetController=True, rotationOffset=0.0, speed=0.0, type='Follower', velocity=(0.0, 0.0), webotsName='FOLLOWER', webotsObject=None, webotsType=None, width=1.0), object1=StructPoint(angularSpeed=0.0, color=[1.0, 1.0, 1.0], controller=None, elevation=None, heading=0.0, lastActions=None, length=1.0, position=(13.227272727272727, -54.316326530612244), positionOffset=(0.0, 0.0), resetController=True, rotationOffset=0.0, speed=0.0, type='ObstacleL', velocity=(0.0, 0.0), webotsName='OBSTACLE', webotsObject=None, webotsType=None, width=1.0), object2=StructPoint(angularSpeed=0.0, color=[0.0, 0.0, 1.0], controller=None, elevation=None, heading=0.0, lastActions=None, length=1.0, position=(37.58163265306123, -23.53030303030303), positionOffset=(0.0, 0.0), resetController=True, rotationOffset=0.0, speed=0.0, type='ObstacleS', velocity=(0.0, 0.0), webotsName='OBSTACLE', webotsObject=None, webotsType=None, width=1.0), object3=StructPoint(angularSpeed=0.0, color=[1.0, 1.0, 1.0], controller=None, elevation=None, heading=0.0, lastActions=None, length=1.0, position=(66.39393939393939, -38.37755102040816), positionOffset=(0.0, 0.0), resetController=True, rotationOffset=0.0, speed=0.0, type='ObstacleR', velocity=(0.0, 0.0), webotsName='OBSTACLE', webotsObject=None, webotsType=None, width=1.0), object4=StructPoint(angularSpeed=0.0, controller=None, elevation=None, heading=0.0, ind='R', lastActions=None, length=1.0, mode='falsify', position=(0, 0), positionOffset=(0.0, 0.0), resetController=True, rotationOffset=0.0, speed=0.0, type='Scenario', velocity=(0.0, 0.0), webotsName='SCENARIO', webotsObject=None, webotsType=None, width=1.0), object5=StructPoint(angularSpeed=0.0, controller=None, elevation=None, heading=0.048560649814440755, lastActions=None, length=1.0, position=(-52.96744590185047, -105.68677202920252), positionOffset=(0.0, 0.0), resetController=True, rotationOffset=0.0, speed=0.0, type='Lead', velocity=(0.0, 0.0), webotsName='LEAD', webotsObject=None, webotsType=None, width=1.0)), params=StructPoint())
184,SpacePoint(objects=StructPoint(object0=StructPoint(angularSpeed=0.0, controller=None, elevation=None, heading=-0.05589376537162967, lastActions=None, length=1.0, position=(-63.80081922092623, -105.84581594806929), positionOffset=(0.0, 0.0), resetController=True, rotationOffset=0.0, speed=0.0, type='Follower', velocity=(0.0, 0.0), webotsName='FOLLOWER', webotsObject=None, webotsType=None, width=1.0), object1=StructPoint(angularSpeed=0.0, color=[0.5, 0.0, 0.0], controller=None, elevation=None, heading=0.0, lastActions=None, length=1.0, position=(25.196969696969695, -52.11224489795919), positionOffset=(0.0, 0.0), resetController=True, rotationOffset=0.0, speed=0.0, type='ObstacleL', velocity=(0.0, 0.0), webotsName='OBSTACLE', webotsObject=None, webotsType=None, width=1.0), object2=StructPoint(angularSpeed=0.0, color=[0.5, 0.5, 0.5], controller=None, elevation=None, heading=0.0, lastActions=None, length=1.0, position=(54.19387755102041, -20.651515151515152), positionOffset=(0.0, 0.0), resetController=True, rotationOffset=0.0, speed=0.0, type='ObstacleS', velocity=(0.0, 0.0), webotsName='OBSTACLE', webotsObject=None, webotsType=None, width=1.0), object3=StructPoint(angularSpeed=0.0, color=[0.5, 0.0, 0.0], controller=None, elevation=None, heading=0.0, lastActions=None, length=1.0, position=(63.06060606060606, -37.45918367346939), positionOffset=(0.0, 0.0), resetController=True, rotationOffset=0.0, speed=0.0, type='ObstacleR', velocity=(0.0, 0.0), webotsName='OBSTACLE', webotsObject=None, webotsType=None, width=1.0), object4=StructPoint(angularSpeed=0.0, controller=None, elevation=None, heading=0.0, ind='S', lastActions=None, length=1.0, mode='falsify', position=(0, 0), positionOffset=(0.0, 0.0), resetController=True, rotationOffset=0.0, speed=0.0, type='Scenario', velocity=(0.0, 0.0), webotsName='SCENARIO', webotsObject=None, webotsType=None, width=1.0), object5=StructPoint(angularSpeed=0.0, controller=None, elevation=None, heading=-0.07647655664509904, lastActions=None, length=1.0, position=(-53.7682143748817, -105.7828386144311), positionOffset=(0.0, 0.0), resetController=True, rotationOffset=0.0, speed=0.0, type='Lead', velocity=(0.0, 0.0), webotsName='LEAD', webotsObject=None, webotsType=None, width=1.0)), params=StructPoint())
185,SpacePoint(objects=StructPoint(object0=StructPoint(angularSpeed=0.0, controller=None, elevation=None, heading=0.0054296068718145485, lastActions=None, length=1.0, position=(-63.63113004982188, -105.42026628753747), positionOffset=(0.0, 0.0), resetController=True, rotationOffset=0.0, speed=0.0, type='Follower', velocity=(0.0, 0.0), webotsName='FOLLOWER', webotsObject=None, webotsType=None, width=1.0), object1=StructPoint(angularSpeed=0.0, color=[0.5, 0.5, 0.5], controller=None, elevation=None, heading=0.0, lastActions=None, length=1.0, position=(24.590909090909093, -52.90816326530612), positionOffset=(0.0, 0.0), resetController=True, rotationOffset=0.0, speed=0.0, type='ObstacleL', velocity=(0.0, 0.0), webotsName='OBSTACLE', webotsObject=None, webotsType=None, width=1.0), object2=StructPoint(angularSpeed=0.0, color=[0.0, 0.0, 0.5], controller=None, elevation=None, heading=0.0, lastActions=None, length=1.0, position=(51.5, -22.318181818181817), positionOffset=(0.0, 0.0), resetController=True, rotationOffset=0.0, speed=0.0, type='ObstacleS', velocity=(0.0, 0.0), webotsName='OBSTACLE', webotsObject=None, webotsType=None, width=1.0), object3=StructPoint(angularSpeed=0.0, color=[0.0, 0.5, 0.0], controller=None, elevation=None, heading=0.0, lastActions=None, length=1.0, position=(63.666666666666664, -51.5), positionOffset=(0.0, 0.0), resetController=True, rotationOffset=0.0, speed=0.0, type='ObstacleR', velocity=(0.0, 0.0), webotsName='OBSTACLE', webotsObject=None, webotsType=None, width=1.0), object4=StructPoint(angularSpeed=0.0, controller=None, elevation=None, heading=0.0, ind='R', lastActions=None, length=1.0, mode='falsify', position=(0, 0), positionOffset=(0.0, 0.0), resetController=True, rotationOffset=0.0, speed=0.0, type='Scenario', velocity=(0.0, 0.0), webotsName='SCENARIO', webotsObject=None, webotsType=None, width=1.0), object5=StructPoint(angularSpeed=0.0, controller=None, elevation=None, heading=-0.005480008119834451, lastActions=None, length=1.0, position=(-55.86331496268086, -104.38124529687607), positionOffset=(0.0, 0.0), resetController=True, rotationOffset=0.0, speed=0.0, type='Lead', velocity=(0.0, 0.0), webotsName='LEAD', webotsObject=None, webotsType=None, width=1.0)), params=StructPoint())
186,SpacePoint(objects=StructPoint(object0=StructPoint(angularSpeed=0.0, controller=None, elevation=None, heading=0.0016513356569171635, lastActions=None, length=1.0, position=(-63.34869517519566, -105.27778182563324), positionOffset=(0.0, 0.0), resetController=True, rotationOffset=0.0, speed=0.0, type='Follower', velocity=(0.0, 0.0), webotsName='FOLLOWER', webotsObject=None, webotsType=None, width=1.0), object1=StructPoint(angularSpeed=0.0, color=[0.5, 0.5, 0.5], controller=None, elevation=None, heading=0.0, lastActions=None, length=1.0, position=(10.954545454545455, -51.62244897959184), positionOffset=(0.0, 0.0), resetController=True, rotationOffset=0.0, speed=0.0, type='ObstacleL', velocity=(0.0, 0.0), webotsName='OBSTACLE', webotsObject=None, webotsType=None, width=1.0), object2=StructPoint(angularSpeed=0.0, color=[1.0, 0.0, 0.0], controller=None, elevation=None, heading=0.0, lastActions=None, length=1.0, position=(53.88775510204081, -13.378787878787879), positionOffset=(0.0, 0.0), resetController=True, rotationOffset=0.0, speed=0.0, type='ObstacleS', velocity=(0.0, 0.0), webotsName='OBSTACLE', webotsObject=None, webotsType=None, width=1.0), object3=StructPoint(angularSpeed=0.0, color=[0.0, 0.0, 1.0], controller=None, elevation=None, heading=0.0, lastActions=None, length=1.0, position=(62.95959595959596, -53.642857142857146), positionOffset=(0.0, 0.0), resetController=True, rotationOffset=0.0, speed=0.0, type='ObstacleR', velocity=(0.0, 0.0), webotsName='OBSTACLE', webotsObject=None, webotsType=None, width=1.0), object4=StructPoint(angularSpeed=0.0, controller=None, elevation=None, heading=0.0, ind='L', lastActions=None, length=1.0, mode='falsify', position=(0, 0), positionOffset=(0.0, 0.0), resetController=True, rotationOffset=0.0, speed=0.0, type='Scenario', velocity=(0.0, 0.0), webotsName='SCENARIO', webotsObject=None, webotsType=None, width=1.0), object5=StructPoint(angularSpeed=0.0, controller=None, elevation=None, heading=0.02352330717315434, lastActions=None, length=1.0, position=(-55.565023717167385, -104.65456576378674), positionOffset=(0.0, 0.0), resetController=True, rotationOffset=0.0, speed=0.0, type='Lead', velocity=(0.0, 0.0), webotsName='LEAD', webotsObject=None, webotsType=None, width=1.0)), params=StructPoint())
187,SpacePoint(objects=StructPoint(object0=StructPoint(angularSpeed=0.0, controller=None, elevation=None, heading=-0.05736522583939579, lastActions=None, length=1.0, position=(-62.540314951879175, -105.31860442051358), positionOffset=(0.0, 0.0), resetController=True, rotationOffset=0.0, speed=0.0, type='Follower', velocity=(0.0, 0.0), webotsName='FOLLOWER', webotsObject=None, webotsType=None, width=1.0), object1=StructPoint(angularSpeed=0.0, color=[0.0, 0.0, 1.0], controller=None, elevation=None, heading=0.0, lastActions=None, length=1.0, position=(25.34848484848485, -52.234693877551024), positionOffset=(0.0, 0.0), resetController=True, rotationOffset=0.0, speed=0.0, type='ObstacleL', velocity=(0.0, 0.0), webotsName='OBSTACLE', webotsObject=None, webotsType=None, width=1.0), object2=StructPoint(angularSpeed=0.0, color=[1.0, 0.0, 0.0], controller=None, elevation=None, heading=0.0, lastActions=None, length=1.0, position=(36.05102040816327, -13.833333333333332), positionOffset=(0.0, 0.0), resetController=True, rotationOffset=0.0, speed=0.0, type='ObstacleS', velocity=(0.0, 0.0), webotsName='OBSTACLE', webotsObject=None, webotsType=None, width=1.0), object3=StructPoint(angularSpeed=0.0, color=[0.0, 0.5, 0.0], controller=None, elevation=None, heading=0.0, lastActions=None, length=1.0, position=(64.37373737373737, -36.29591836734694), positionOffset=(0.0, 0.0), resetController=True, rotationOffset=0.0, speed=0.0, type='ObstacleR', velocity=(0.0, 0.0), webotsName='OBSTACLE', webotsObject=None, webotsType=None, width=1.0), object4=StructPoint(angularSpeed=0.0, controller=None, elevation=None, heading=0.0, ind='L', lastActions=None, length=1.0, mode='falsify', position=(0, 0), positionOffset=(0.0, 0.0), resetController=True, rotationOffset=0.0, speed=0.0, type='Scenario', velocity=(0.0, 0.0), webotsName='SCENARIO', webotsObject=None, webotsType=None, width=1.0), object5=StructPoint(angularSpeed=0.0, controller=None, elevation=None, heading=0.012313456319742637, lastActions=None, length=1.0, position=(-53.69933389329973, -105.31978261100741), positionOffset=(0.0, 0.0), resetController=True, rotationOffset=0.0, speed=0.0, type='Lead', velocity=(0.0, 0.0), webotsName='LEAD', webotsObject=None, webotsType=None, width=1.0)), params=StructPoint())
188,SpacePoint(objects=StructPoint(object0=StructPoint(angularSpeed=0.0, controller=None, elevation=None, heading=-0.028957242633665486, lastActions=None, length=1.0, position=(-62.50847881367031, -104.8226159685379), positionOffset=(0.0, 0.0), resetController=True, rotationOffset=0.0, speed=0.0, type='Follower', velocity=(0.0, 0.0), webotsName='FOLLOWER', webotsObject=None, webotsType=None, width=1.0), object1=StructPoint(angularSpeed=0.0, color=[0.0, 0.5, 0.0], controller=None, elevation=None, heading=0.0, lastActions=None, length=1.0, position=(17.46969696969697, -37.45918367346939), positionOffset=(0.0, 0.0), resetController=True, rotationOffset=0.0, speed=0.0, type='ObstacleL', velocity=(0.0, 0.0), webotsName='OBSTACLE', webotsObject=None, webotsType=None, width=1.0), object2=StructPoint(angularSpeed=0.0, color=[0.0, 0.0, 0.0], controller=None, elevation=None, heading=0.0, lastActions=None, length=1.0, position=(35.92857142857143, -21.863636363636363), positionOffset=(0.0, 0.0), resetController=True, rotationOffset=0.0, speed=0.0, type='ObstacleS', velocity=(0.0, 0.0), webotsName='OBSTACLE', webotsObject=None, webotsType=None, width=1.0), object3=StructPoint(angularSpeed=0.0, color=[0.5, 0.0, 0.0], controller=None, elevation=None, heading=0.0, lastActions=None, length=1.0, position=(61.64646464646464, -37.45918367346939), positionOffset=(0.0, 0.0), resetController=True, rotationOffset=0.0, speed=0.0, type='ObstacleR', velocity=(0.0, 0.0), webotsName='OBSTACLE', webotsObject=None, webotsType=None, width=1.0), object4=StructPoint(angularSpeed=0.0, controller=None, elevation=None, heading=0.0, ind='L', lastActions=None, length=1.0, mode='falsify', position=(0, 0), positionOffset=(0.0, 0.0), resetController=True, rotationOffset=0.0, speed=0.0, type='Scenario', velocity=(0.0, 0.0), webotsName='SCENARIO', webotsObject=None, webotsType=None, width=1.0), object5=StructPoint(angularSpeed=0.0, controller=None, elevation=None, heading=-0.07729761423266858, lastActions=None, length=1.0, position=(-55.10327945820055, -104.26524281117655), positionOffset=(0.0, 0.0), resetController=True, rotationOffset=0.0, speed=0.0, type='Lead', velocity=(0.0, 0.0), webotsName='LEAD', webotsObject=None, webotsType=None, width=1.0)), params=StructPoint())
189,SpacePoint(objects=StructPoint(object0=StructPoint(angularSpeed=0.0, controller=None, elevation=None, heading=0.07360794938370065, lastActions=None, length=1.0, position=(-62.87326204210244, -104.98859637545601), positionOffset=(0.0, 0.0), resetController=True, rotationOffset=0.0, speed=0.0, type='Follower', velocity=(0.0, 0.0), webotsName='FOLLOWER', webotsObject=None, webotsType=None, width=1.0), object1=StructPoint(angularSpeed=0.0, color=[0.5, 0.0, 0.0], controller=None, elevation=None, heading=0.0, lastActions=None, length=1.0, position=(12.166666666666666, -35.62244897959184), positionOffset=(0.0, 0.0), resetController=True, rotationOffset=0.0, speed=0.0, type='ObstacleL', velocity=(0.0, 0.0), webotsName='OBSTACLE', webotsObject=None, webotsType=None, width=1.0), object2=StructPoint(angularSpeed=0.0, color=[0.0, 0.0, 0.5], controller=None, elevation=None, heading=0.0, lastActions=None, length=1.0, position=(51.92857142857143, -22.62121212121212), positionOffset=(0.0, 0.0), resetController=True, rotationOffset=0.0, speed=0.0, type='ObstacleS', velocity=(0.0, 0.0), webotsName='OBSTACLE', webotsObject=None, webotsType=None, width=1.0), object3=StructPoint(angularSpeed=0.0, color=[0.0, 0.5, 0.0], controller=None, elevation=None, heading=0.0, lastActions=None, length=1.0, position=(63.868686868686865, -52.234693877551024), positionOffset=(0.0, 0.0), resetController=True, rotationOffset=0.0, speed=0.0, type='ObstacleR', velocity=(0.0, 0.0), webotsName='OBSTACLE', webotsObject=None, webotsType=None, width=1.0), object4=StructPoint(angularSpeed=0.0, controller=None, elevation=None, heading=0.0, ind='R', lastActions=None, length=1.0, mode='falsify', position=(0, 0), positionOffset=(0.0, 0.0), resetController=True, rotationOffset=0.0, speed=0.0, type='Scenario', velocity=(0.0, 0.0), webotsName='SCENARIO', webotsObject=None, webotsType=None, width=1.0), object5=StructPoint(angularSpeed=0.0, controller=None, elevation=None, heading=-0.020599073092722377, lastActions=None, length=1.0, position=(-53.99234557243575, -104.50761455342446), positionOffset=(0.0, 0.0), resetController=True, rotationOffset=0.0, speed=0.0, type='Lead', velocity=(0.0, 0.0), webotsName='LEAD', webotsObject=None, webotsType=None, width=1.0)), params=StructPoint())
190,SpacePoint(objects=StructPoint(object0=StructPoint(angularSpeed=0.0, controller=None, elevation=None, heading=0.06878798949740042, lastActions=None, length=1.0, position=(-62.78386934148682, -104.40605066206886), positionOffset=(0.0, 0.0), resetController=True, rotationOffset=0.0, speed=0.0, type='Follower', velocity=(0.0, 0.0), webotsName='FOLLOWER', webotsObject=None, webotsType=None, width=1.0), object1=StructPoint(angularSpeed=0.0, color=[0.0, 1.0, 0.0], controller=None, elevation=None, heading=0.0, lastActions=None, length=1.0, position=(20.954545454545453, -54.37755102040816), positionOffset=(0.0, 0.0), resetController=True, rotationOffset=0.0, speed=0.0, type='ObstacleL', velocity=(0.0, 0.0), webotsName='OBSTACLE', webotsObject=None, webotsType=None, width=1.0), object2=StructPoint(angularSpeed=0.0, color=[1.0, 0.0, 0.0], controller=None, elevation=None, heading=0.0, lastActions=None, length=1.0, position=(52.96938775510204, -17.772727272727273), positionOffset=(0.0, 0.0), resetController=True, rotationOffset=0.0, speed=0.0, type='ObstacleS', velocity=(0.0, 0.0), webotsName='OBSTACLE', webotsObject=None, webotsType=None, width=1.0), object3=StructPoint(angularSpeed=0.0, color=[1.0, 1.0, 1.0], controller=None, elevation=None, heading=0.0, lastActions=None, length=1.0, position=(64.77777777777777, -37.52040816326531), positionOffset=(0.0, 0.0), resetController=True, rotationOffset=0.0, speed=0.0, type='ObstacleR', velocity=(0.0, 0.0), webotsName='OBSTACLE', webotsObject=None, webotsType=None, width=1.0), object4=StructPoint(angularSpeed=0.0, controller=None, elevation=None, heading=0.0, ind='R', lastActions=None, length=1.0, mode='falsify', position=(0, 0), positionOffset=(0.0, 0.0), resetController=True, rotationOffset=0.0, speed=0.0, type='Scenario', velocity=(0.0, 0.0), webotsName='SCENARIO', webotsObject=None, webotsType=None, width=1.0), object5=StructPoint(angularSpeed=0.0, controller=None, elevation=None, heading=0.008647050161583047, lastActions=None, length=1.0, position=(-56.29463647040648, -105.98848934118136), positionOffset=(0.0, 0.0), resetController=True, rotationOffset=0.0, speed=0.0, type='Lead', velocity=(0.0, 0.0), webotsName='LEAD', webotsObject=None, webotsType=None, width=1.0)), params=StructPoint())
191,SpacePoint(objects=StructPoint(object0=StructPoint(angularSpeed=0.0, controller=None, elevation=None, heading=0.03406117615819813, lastActions=None, length=1.0, position=(-65.667577047976, -105.13810628674992), positionOffset=(0.0, 0.0), resetController=True, rotationOffset=0.0, speed=0.0, type='Follower', velocity=(0.0, 0.0), webotsName='FOLLOWER', webotsObject=None, webotsType=None, width=1.0), object1=StructPoint(angularSpeed=0.0, color=[0.0, 0.0, 1.0], controller=None, elevation=None, heading=0.0, lastActions=None, length=1.0, position=(24.742424242424242, -35.744897959183675), positionOffset=(0.0, 0.0), resetController=True, rotationOffset=0.0, speed=0.0, type='ObstacleL', velocity=(0.0, 0.0), webotsName='OBSTACLE', webotsObject=None, webotsType=None, width=1.0), object2=StructPoint(angularSpeed=0.0, color=[0.0, 0.0, 0.5], controller=None, elevation=None, heading=0.0, lastActions=None, length=1.0, position=(51.86734693877551, -18.833333333333332), positionOffset=(0.0, 0.0), resetController=True, rotationOffset=0.0, speed=0.0, type='ObstacleS', velocity=(0.0, 0.0), webotsName='OBSTACLE', webotsObject=None, webotsType=None, width=1.0), object3=StructPoint(angularSpeed=0.0, color=[0.0, 0.0, 0.0], controller=None, elevation=None, heading=0.0, lastActions=None, length=1.0, position=(60.43434343434343, -52.05102040816327), positionOffset=(0.0, 0.0), resetController=True, rotationOffset=0.0, speed=0.0, type='ObstacleR', velocity=(0.0, 0.0), webotsName='OBSTACLE', webotsObject=None, webotsType=None, width=1.0), object4=StructPoint(angularSpeed=0.0, controller=None, elevation=None, heading=0.0, ind='S', lastActions=None, length=1.0, mode='falsify', position=(0, 0), positionOffset=(0.0, 0.0), resetController=True, rotationOffset=0.0, speed=0.0, type='Scenario', velocity=(0.0, 0.0), webotsName='SCENARIO', webotsObject=None, webotsType=None, width=1.0), object5=StructPoint(angularSpeed=0.0, controller=None, elevation=None, heading=-0.07832195177165076, lastActions=None, length=1.0, position=(-55.22386466612456, -105.2043589683097), positionOffset=(0.0, 0.0), resetController=True, rotationOffset=0.0, speed=0.0, type='Lead', velocity=(0.0, 0.0), webotsName='LEAD', webotsObject=None, webotsType=None, width=1.0)), params=StructPoint())
192,SpacePoint(objects=StructPoint(object0=StructPoint(angularSpeed=0.0, controller=None, elevation=None, heading=0.04196311528853819, lastActions=None, length=1.0, position=(-63.36806779703758, -104.3175470161202), positionOffset=(0.0, 0.0), resetController=True, rotationOffset=0.0, speed=0.0, type='Follower', velocity=(0.0, 0.0), webotsName='FOLLOWER', webotsObject=None, webotsType=None, width=1.0), object1=StructPoint(angularSpeed=0.0, color=[1.0, 0.0, 0.0], controller=None, elevation=None, heading=0.0, lastActions=None, length=1.0, position=(11.106060606060606, -54.43877551020408), positionOffset=(0.0, 0.0), resetController=True, rotationOffset=0.0, speed=0.0, type='ObstacleL', velocity=(0.0, 0.0), webotsName='OBSTACLE', webotsObject=None, webotsType=None, width=1.0), object2=StructPoint(angularSpeed=0.0, color=[1.0, 0.0, 0.0], controller=None, elevation=None, heading=0.0, lastActions=None, length=1.0, position=(36.05102040816327, -19.893939393939394), positionOffset=(0.0, 0.0), resetController=True, rotationOffset=0.0, speed=0.0, type='ObstacleS', velocity=(0.0, 0.0), webotsName='OBSTACLE', webotsObject=None, webotsType=None, width=1.0), object3=StructPoint(angularSpeed=0.0, color=[0.0, 0.5, 0.0], controller=None, elevation=None, heading=0.0, lastActions=None, length=1.0, position=(59.42424242424242, -36.11224489795919), positionOffset=(0.0, 0.0), resetController=True, rotationOffset=0.0, speed=0.0, type='ObstacleR', velocity=(0.0, 0.0), webotsName='OBSTACLE', webotsObject=None, webotsType=None, width=1.0), object4=StructPoint(angularSpeed=0.0, controller=None, elevation=None, heading=0.0, ind='S', lastActions=None, length=1.0, mode='falsify', position=(0, 0), positionOffset=(0.0, 0.0), resetController=True, rotationOffset=0.0, speed=0.0, type='Scenario', velocity=(0.0, 0.0), webotsName='SCENARIO', webotsObject=None, webotsType=None, width=1.0), object5=StructPoint(angularSpeed=0.0, controller=None, elevation=None, heading=0.014360464154797704, lastActions=None, length=1.0, position=(-53.299143400751696, -104.02952269562697), positionOffset=(0.0, 0.0), resetController=True, rotationOffset=0.0, speed=0.0, type='Lead', velocity=(0.0, 0.0), webotsName='LEAD', webotsObject=None, webotsType=None, width=1.0)), params=StructPoint())
193,SpacePoint(objects=StructPoint(object0=StructPoint(angularSpeed=0.0, controller=None, elevation=None, heading=0.041725298766101565, lastActions=None, length=1.0, position=(-62.8578332222484, -105.94129001532716), positionOffset=(0.0, 0.0), resetController=True, rotationOffset=0.0, speed=0.0, type='Follower', velocity=(0.0, 0.0), webotsName='FOLLOWER', webotsObject=None, webotsType=None, width=1.0), object1=StructPoint(angularSpeed=0.0, color=[0.0, 0.5, 0.0], controller=None, elevation=None, heading=0.0, lastActions=None, length=1.0, position=(14.287878787878789, -36.05102040816327), positionOffset=(0.0, 0.0), resetController=True, rotationOffset=0.0, speed=0.0, type='ObstacleL', velocity=(0.0, 0.0), webotsName='OBSTACLE', webotsObject=None, webotsType=None, width=1.0), object2=StructPoint(angularSpeed=0.0, color=[0.0, 0.0, 1.0], controller=None, elevation=None, heading=0.0, lastActions=None, length=1.0, position=(36.724489795918366, -21.257575757575758), positionOffset=(0.0, 0.0), resetController=True, rotationOffset=0.0, speed=0.0, type='ObstacleS', velocity=(0.0, 0.0), webotsName='OBSTACLE', webotsObject=None, webotsType=None, width=1.0), object3=StructPoint(angularSpeed=0.0, color=[0.0, 1.0, 0.0], controller=None, elevation=None, heading=0.0, lastActions=None, length=1.0, position=(58.91919191919192, -35.86734693877551), positionOffset=(0.0, 0.0), resetController=True, rotationOffset=0.0, speed=0.0, type='ObstacleR', velocity=(0.0, 0.0), webotsName='OBSTACLE', webotsObject=None, webotsType=None, width=1.0), object4=StructPoint(angularSpeed=0.0, controller=None, elevation=None, heading=0.0, ind='R', lastActions=None, length=1.0, mode='falsify', position=(0, 0), positionOffset=(0.0, 0.0), resetController=True, rotationOffset=0.0, speed=0.0, type='Scenario', velocity=(0.0, 0.0), webotsName='SCENARIO', webotsObject=None, webotsType=None, width=1.0), object5=StructPoint(angularSpeed=0.0, controller=None, elevation=None, heading=0.036425624431995006, lastActions=None, length=1.0, position=(-53.75706878572185, -104.97286079732392), positionOffset=(0.0, 0.0), resetController=True, rotationOffset=0.0, speed=0.0, type='Lead', velocity=(0.0, 0.0), webotsName='LEAD', webotsObject=None, webotsType=None, width=1.0)), params=StructPoint())
194,SpacePoint(objects=StructPoint(object0=StructPoint(angularSpeed=0.0, controller=None, elevation=None, heading=-0.008833517619265483, lastActions=None, length=1.0, position=(-65.31448783373024, -104.83310651867335), positionOffset=(0.0, 0.0), resetController=True, rotationOffset=0.0, speed=0.0, type='Follower', velocity=(0.0, 0.0), webotsName='FOLLOWER', webotsObject=None, webotsType=None, width=1.0), object1=StructPoint(angularSpeed=0.0, color=[0.0, 0.0, 1.0], controller=None, elevation=None, heading=0.0, lastActions=None, length=1.0, position=(17.772727272727273, -38.43877551020408), positionOffset=(0.0, 0.0), resetController=True, rotationOffset=0.0, speed=0.0, type='ObstacleL', velocity=(0.0, 0.0), webotsName='OBSTACLE', webotsObject=None, webotsType=None, width=1.0), object2=StructPoint(angularSpeed=0.0, color=[1.0, 0.0, 0.0], controller=None, elevation=None, heading=0.0, lastActions=None, length=1.0, position=(54.43877551020408, -18.37878787878788), positionOffset=(0.0, 0.0), resetController=True, rotationOffset=0.0, speed=0.0, type='ObstacleS', velocity=(0.0, 0.0), webotsName='OBSTACLE', webotsObject=None, webotsType=None, width=1.0), object3=StructPoint(angularSpeed=0.0, color=[0.0, 1.0, 0.0], controller=None, elevation=None, heading=0.0, lastActions=None, length=1.0, position=(62.55555555555556, -38.37755102040816), positionOffset=(0.0, 0.0), resetController=True, rotationOffset=0.0, speed=0.0, type='ObstacleR', velocity=(0.0, 0.0), webotsName='OBSTACLE', webotsObject=None, webotsType=None, width=1.0), object4=StructPoint(angularSpeed=0.0, controller=None, elevation=None, heading=0.0, ind='L', lastActions=None, length=1.0, mode='falsify', position=(0, 0), positionOffset=(0.0, 0.0), resetController=True, rotationOffset=0.0, speed=0.0, type='Scenario', velocity=(0.0, 0.0), webotsName='SCENARIO', webotsObject=None, webotsType=None, width=1.0), object5=StructPoint(angularSpeed=0.0, controller=None, elevation=None, heading=0.010551669550205797, lastActions=None, length=1.0, position=(-56.03276453001075, -104.33246175343751), positionOffset=(0.0, 0.0), resetController=True, rotationOffset=0.0, speed=0.0, type='Lead', velocity=(0.0, 0.0), webotsName='LEAD', webotsObject=None, webotsType=None, width=1.0)), params=StructPoint())
195,SpacePoint(objects=StructPoint(object0=StructPoint(angularSpeed=0.0, controller=None, elevation=None, heading=0.032475682419217555, lastActions=None, length=1.0, position=(-62.555032391844264, -104.21701583338049), positionOffset=(0.0, 0.0), resetController=True, rotationOffset=0.0, speed=0.0, type='Follower', velocity=(0.0, 0.0), webotsName='FOLLOWER', webotsObject=None, webotsType=None, width=1.0), object1=StructPoint(angularSpeed=0.0, color=[0.5, 0.0, 0.0], controller=None, elevation=None, heading=0.0, lastActions=None, length=1.0, position=(16.40909090909091, -36.05102040816327), positionOffset=(0.0, 0.0), resetController=True, rotationOffset=0.0, speed=0.0, type='ObstacleL', velocity=(0.0, 0.0), webotsName='OBSTACLE', webotsObject=None, webotsType=None, width=1.0), object2=StructPoint(angularSpeed=0.0, color=[0.0, 0.0, 0.5], controller=None, elevation=None, heading=0.0, lastActions=None, length=1.0, position=(52.173469387755105, -18.68181818181818), positionOffset=(0.0, 0.0), resetController=True, rotationOffset=0.0, speed=0.0, type='ObstacleS', velocity=(0.0, 0.0), webotsName='OBSTACLE', webotsObject=None, webotsType=None, width=1.0), object3=StructPoint(angularSpeed=0.0, color=[0.0, 0.0, 0.5], controller=None, elevation=None, heading=0.0, lastActions=None, length=1.0, position=(66.5959595959596, -36.54081632653061), positionOffset=(0.0, 0.0), resetController=True, rotationOffset=0.0, speed=0.0, type='ObstacleR', velocity=(0.0, 0.0), webotsName='OBSTACLE', webotsObject=None, webotsType=None, width=1.0), object4=StructPoint(angularSpeed=0.0, controller=None, elevation=None, heading=0.0, ind='L', lastActions=None, length=1.0, mode='falsify', position=(0, 0), positionOffset=(0.0, 0.0), resetController=True, rotationOffset=0.0, speed=0.0, type='Scenario', velocity=(0.0, 0.0), webotsName='SCENARIO', webotsObject=None, webotsType=None, width=1.0), object5=StructPoint(angularSpeed=0.0, controller=None, elevation=None, heading=0.08088490573614648, lastActions=None, length=1.0, position=(-55.52113391403677, -104.81268177849174), positionOffset=(0.0, 0.0), resetController=True, rotationOffset=0.0, speed=0.0, type='Lead', velocity=(0.0, 0.0), webotsName='LEAD', webotsObject=None, webotsType=None, width=1.0)), params=StructPoint())
196,SpacePoint(objects=StructPoint(object0=StructPoint(angularSpeed=0.0, controller=None, elevation=None, heading=-0.06303472381680039, lastActions=None, length=1.0, position=(-66.27031100350364, -105.5783587515047), positionOffset=(0.0, 0.0), resetController=True, rotationOffset=0.0, speed=0.0, type='Follower', velocity=(0.0, 0.0), webotsName='FOLLOWER', webotsObject=None, webotsType=None, width=1.0), object1=StructPoint(angularSpeed=0.0, color=[0.0, 1.0, 0.0], controller=None, elevation=None, heading=0.0, lastActions=None, length=1.0, position=(14.43939393939394, -37.765306122448976), positionOffset=(0.0, 0.0), resetController=True, rotationOffset=0.0, speed=0.0, type='ObstacleL', velocity=(0.0, 0.0), webotsName='OBSTACLE', webotsObject=None, webotsType=None, width=1.0), object2=StructPoint(angularSpeed=0.0, color=[0.0, 0.0, 0.0], controller=None, elevation=None, heading=0.0, lastActions=None, length=1.0, position=(37.58163265306123, -11.863636363636363), positionOffset=(0.0, 0.0), resetController=True, rotationOffset=0.0, speed=0.0, type='ObstacleS', velocity=(0.0, 0.0), webotsName='OBSTACLE', webotsObject=None, webotsType=None, width=1.0), object3=StructPoint(angularSpeed=0.0, color=[0.0, 1.0, 0.0], controller=None, elevation=None, heading=0.0, lastActions=None, length=1.0, position=(62.05050505050505, -35.5), positionOffset=(0.0, 0.0), resetController=True, rotationOffset=0.0, speed=0.0, type='ObstacleR', velocity=(0.0, 0.0), webotsName='OBSTACLE', webotsObject=None, webotsType=None, width=1.0), object4=StructPoint(angularSpeed=0.0, controller=None, elevation=None, heading=0.0, ind='R', lastActions=None, length=1.0, mode='falsify', position=(0, 0), positionOffset=(0.0, 0.0), resetController=True, rotationOffset=0.0, speed=0.0, type='Scenario', velocity=(0.0, 0.0), webotsName='SCENARIO', webotsObject=None, webotsType=None, width=1.0), object5=StructPoint(angularSpeed=0.0, controller=None, elevation=None, heading=-0.045685928820638814, lastActions=None, length=1.0, position=(-53.62130859854355, -105.49277052426497), positionOffset=(0.0, 0.0), resetController=True, rotationOffset=0.0, speed=0.0, type='Lead', velocity=(0.0, 0.0), webotsName='LEAD', webotsObject=None, webotsType=None, width=1.0)), params=StructPoint())
197,SpacePoint(objects=StructPoint(object0=StructPoint(angularSpeed=0.0, controller=None, elevation=None, heading=-0.007935507848268974, lastActions=None, length=1.0, position=(-62.805389153153726, -104.0047781020835), positionOffset=(0.0, 0.0), resetController=True, rotationOffset=0.0, speed=0.0, type='Follower', velocity=(0.0, 0.0), webotsName='FOLLOWER', webotsObject=None, webotsType=None, width=1.0), object1=StructPoint(angularSpeed=0.0, color=[0.5, 0.5, 0.5], controller=None, elevation=None, heading=0.0, lastActions=None, length=1.0, position=(12.621212121212121, -36.66326530612245), positionOffset=(0.0, 0.0), resetController=True, rotationOffset=0.0, speed=0.0, type='ObstacleL', velocity=(0.0, 0.0), webotsName='OBSTACLE', webotsObject=None, webotsType=None, width=1.0), object2=StructPoint(angularSpeed=0.0, color=[0.5, 0.0, 0.0], controller=None, elevation=None, heading=0.0, lastActions=None, length=1.0, position=(38.13265306122449, -25.045454545454547), positionOffset=(0.0, 0.0), resetController=True, rotationOffset=0.0, speed=0.0, type='ObstacleS', velocity=(0.0, 0.0), webotsName='OBSTACLE', webotsObject=None, webotsType=None, width=1.0), object3=StructPoint(angularSpeed=0.0, color=[0.0, 1.0, 0.0], controller=None, elevation=None, heading=0.0, lastActions=None, length=1.0, position=(57.303030303030305, -52.47959183673469), positionOffset=(0.0, 0.0), resetController=True, rotationOffset=0.0, speed=0.0, type='ObstacleR', velocity=(0.0, 0.0), webotsName='OBSTACLE', webotsObject=None, webotsType=None, width=1.0), object4=StructPoint(angularSpeed=0.0, controller=None, elevation=None, heading=0.0, ind='S', lastActions=None, length=1.0, mode='falsify', position=(0, 0), positionOffset=(0.0, 0.0), resetController=True, rotationOffset=0.0, speed=0.0, type='Scenario', velocity=(0.0, 0.0), webotsName='SCENARIO', webotsObject=None, webotsType=None, width=1.0), object5=StructPoint(angularSpeed=0.0, controller=None, elevation=None, heading=0.033138978231071675, lastActions=None, length=1.0, position=(-55.35437166492996, -105.80706558785715), positionOffset=(0.0, 0.0), resetController=True, rotationOffset=0.0, speed=0.0, type='Lead', velocity=(0.0, 0.0), webotsName='LEAD', webotsObject=None, webotsType=None, width=1.0)), params=StructPoint())
198,SpacePoint(objects=StructPoint(object0=StructPoint(angularSpeed=0.0, controller=None, elevation=None, heading=-0.0010243685122641498, lastActions=None, length=1.0, position=(-63.21267478649291, -105.98670442116911), positionOffset=(0.0, 0.0), resetController=True, rotationOffset=0.0, speed=0.0, type='Follower', velocity=(0.0, 0.0), webotsName='FOLLOWER', webotsObject=None, webotsType=None, width=1.0), object1=StructPoint(angularSpeed=0.0, color=[0.0, 0.0, 1.0], controller=None, elevation=None, heading=0.0, lastActions=None, length=1.0, position=(12.924242424242424, -52.785714285714285), positionOffset=(0.0, 0.0), resetController=True, rotationOffset=0.0, speed=0.0, type='ObstacleL', velocity=(0.0, 0.0), webotsName='OBSTACLE', webotsObject=None, webotsType=None, width=1.0), object2=StructPoint(angularSpeed=0.0, color=[0.0, 0.0, 0.5], controller=None, elevation=None, heading=0.0, lastActions=None, length=1.0, position=(35.98979591836735, -13.984848484848484), positionOffset=(0.0, 0.0), resetController=True, rotationOffset=0.0, speed=0.0, type='ObstacleS', velocity=(0.0, 0.0), webotsName='OBSTACLE', webotsObject=None, webotsType=None, width=1.0), object3=StructPoint(angularSpeed=0.0, color=[1.0, 0.0, 0.0], controller=None, elevation=None, heading=0.0, lastActions=None, length=1.0, position=(62.05050505050505, -37.275510204081634), positionOffset=(0.0, 0.0), resetController=True, rotationOffset=0.0, speed=0.0, type='ObstacleR', velocity=(0.0, 0.0), webotsName='OBSTACLE', webotsObject=None, webotsType=None, width=1.0), object4=StructPoint(angularSpeed=0.0, controller=None, elevation=None, heading=0.0, ind='L', lastActions=None, length=1.0, mode='falsify', position=(0, 0), positionOffset=(0.0, 0.0), resetController=True, rotationOffset=0.0, speed=0.0, type='Scenario', velocity=(0.0, 0.0), webotsName='SCENARIO', webotsObject=None, webotsType=None, width=1.0), object5=StructPoint(angularSpeed=0.0, controller=None, elevation=None, heading=0.02202544638365702, lastActions=None, length=1.0, position=(-53.61483385694084, -104.3660863520984), positionOffset=(0.0, 0.0), resetController=True, rotationOffset=0.0, speed=0.0, type='Lead', velocity=(0.0, 0.0), webotsName='LEAD', webotsObject=None, webotsType=None, width=1.0)), params=StructPoint())
199,SpacePoint(objects=StructPoint(object0=StructPoint(angularSpeed=0.0, controller=None, elevation=None, heading=-0.07172146108115322, lastActions=None, length=1.0, position=(-63.82318708058238, -104.26825869220379), positionOffset=(0.0, 0.0), resetController=True, rotationOffset=0.0, speed=0.0, type='Follower', velocity=(0.0, 0.0), webotsName='FOLLOWER', webotsObject=None, webotsType=None, width=1.0), object1=StructPoint(angularSpeed=0.0, color=[0.0, 0.0, 1.0], controller=None, elevation=None, heading=0.0, lastActions=None, length=1.0, position=(14.136363636363637, -51.56122448979592), positionOffset=(0.0, 0.0), resetController=True, rotationOffset=0.0, speed=0.0, type='ObstacleL', velocity=(0.0, 0.0), webotsName='OBSTACLE', webotsObject=None, webotsType=None, width=1.0), object2=StructPoint(angularSpeed=0.0, color=[0.0, 0.0, 0.5], controller=None, elevation=None, heading=0.0, lastActions=None, length=1.0, position=(53.58163265306123, -16.863636363636363), positionOffset=(0.0, 0.0), resetController=True, rotationOffset=0.0, speed=0.0, type='ObstacleS', velocity=(0.0, 0.0), webotsName='OBSTACLE', webotsObject=None, webotsType=None, width=1.0), object3=StructPoint(angularSpeed=0.0, color=[0.0, 0.0, 0.0], controller=None, elevation=None, heading=0.0, lastActions=None, length=1.0, position=(61.24242424242424, -35.744897959183675), positionOffset=(0.0, 0.0), resetController=True, rotationOffset=0.0, speed=0.0, type='ObstacleR', velocity=(0.0, 0.0), webotsName='OBSTACLE', webotsObject=None, webotsType=None, width=1.0), object4=StructPoint(angularSpeed=0.0, controller=None, elevation=None, heading=0.0, ind='S', lastActions=None, length=1.0, mode='falsify', position=(0, 0), positionOffset=(0.0, 0.0), resetController=True, rotationOffset=0.0, speed=0.0, type='Scenario', velocity=(0.0, 0.0), webotsName='SCENARIO', webotsObject=None, webotsType=None, width=1.0), object5=StructPoint(angularSpeed=0.0, controller=None, elevation=None, heading=0.0659510428145955, lastActions=None, length=1.0, position=(-55.14073156324189, -105.10800390825082), positionOffset=(0.0, 0.0), resetController=True, rotationOffset=0.0, speed=0.0, type='Lead', velocity=(0.0, 0.0), webotsName='LEAD', webotsObject=None, webotsType=None, width=1.0)), params=StructPoint())
200,SpacePoint(objects=StructPoint(object0=StructPoint(angularSpeed=0.0, controller=None, elevation=None, heading=-0.03560065283085665, lastActions=None, length=1.0, position=(-65.84244048392026, -105.49387939254291), positionOffset=(0.0, 0.0), resetController=True, rotationOffset=0.0, speed=0.0, type='Follower', velocity=(0.0, 0.0), webotsName='FOLLOWER', webotsObject=None, webotsType=None, width=1.0), object1=StructPoint(angularSpeed=0.0, color=[0.0, 0.0, 1.0], controller=None, elevation=None, heading=0.0, lastActions=None, length=1.0, position=(20.34848484848485, -51.683673469387756), positionOffset=(0.0, 0.0), resetController=True, rotationOffset=0.0, speed=0.0, type='ObstacleL', velocity=(0.0, 0.0), webotsName='OBSTACLE', webotsObject=None, webotsType=None, width=1.0), object2=StructPoint(angularSpeed=0.0, color=[0.0, 0.0, 0.0], controller=None, elevation=None, heading=0.0, lastActions=None, length=1.0, position=(53.765306122448976, -24.439393939393938), positionOffset=(0.0, 0.0), resetController=True, rotationOffset=0.0, speed=0.0, type='ObstacleS', velocity=(0.0, 0.0), webotsName='OBSTACLE', webotsObject=None, webotsType=None, width=1.0), object3=StructPoint(angularSpeed=0.0, color=[0.0, 0.0, 1.0], controller=None, elevation=None, heading=0.0, lastActions=None, length=1.0, position=(65.08080808080808, -36.05102040816327), positionOffset=(0.0, 0.0), resetController=True, rotationOffset=0.0, speed=0.0, type='ObstacleR', velocity=(0.0, 0.0), webotsName='OBSTACLE', webotsObject=None, webotsType=None, width=1.0), object4=StructPoint(angularSpeed=0.0, controller=None, elevation=None, heading=0.0, ind='R', lastActions=None, length=1.0, mode='falsify', position=(0, 0), positionOffset=(0.0, 0.0), resetController=True, rotationOffset=0.0, speed=0.0, type='Scenario', velocity=(0.0, 0.0), webotsName='SCENARIO', webotsObject=None, webotsType=None, width=1.0), object5=StructPoint(angularSpeed=0.0, controller=None, elevation=None, heading=0.03981072204725138, lastActions=None, length=1.0, position=(-53.87496659976098, -104.96434084605244), positionOffset=(0.0, 0.0), resetController=True, rotationOffset=0.0, speed=0.0, type='Lead', velocity=(0.0, 0.0), webotsName='LEAD', webotsObject=None, webotsType=None, width=1.0)), params=StructPoint())
201,SpacePoint(objects=StructPoint(object0=StructPoint(angularSpeed=0.0, controller=None, elevation=None, heading=-0.031214665519734255, lastActions=None, length=1.0, position=(-64.74560482784769, -104.17084307838708), positionOffset=(0.0, 0.0), resetController=True, rotationOffset=0.0, speed=0.0, type='Follower', velocity=(0.0, 0.0), webotsName='FOLLOWER', webotsObject=None, webotsType=None, width=1.0), object1=StructPoint(angularSpeed=0.0, color=[0.5, 0.5, 0.5], controller=None, elevation=None, heading=0.0, lastActions=None, length=1.0, position=(13.984848484848484, -51.92857142857143), positionOffset=(0.0, 0.0), resetController=True, rotationOffset=0.0, speed=0.0, type='ObstacleL', velocity=(0.0, 0.0), webotsName='OBSTACLE', webotsObject=None, webotsType=None, width=1.0), object2=StructPoint(angularSpeed=0.0, color=[0.5, 0.5, 0.5], controller=None, elevation=None, heading=0.0, lastActions=None, length=1.0, position=(53.94897959183673, -18.37878787878788), positionOffset=(0.0, 0.0), resetController=True, rotationOffset=0.0, speed=0.0, type='ObstacleS', velocity=(0.0, 0.0), webotsName='OBSTACLE', webotsObject=None, webotsType=None, width=1.0), object3=StructPoint(angularSpeed=0.0, color=[0.5, 0.0, 0.0], controller=None, elevation=None, heading=0.0, lastActions=None, length=1.0, position=(58.313131313131315, -54.37755102040816), positionOffset=(0.0, 0.0), resetController=True, rotationOffset=0.0, speed=0.0, type='ObstacleR', velocity=(0.0, 0.0), webotsName='OBSTACLE', webotsObject=None, webotsType=None, width=1.0), object4=StructPoint(angularSpeed=0.0, controller=None, elevation=None, heading=0.0, ind='R', lastActions=None, length=1.0, mode='falsify', position=(0, 0), positionOffset=(0.0, 0.0), resetController=True, rotationOffset=0.0, speed=0.0, type='Scenario', velocity=(0.0, 0.0), webotsName='SCENARIO', webotsObject=None, webotsType=None, width=1.0), object5=StructPoint(angularSpeed=0.0, controller=None, elevation=None, heading=-0.007688632639827739, lastActions=None, length=1.0, position=(-52.552570088759566, -105.15012470264598), positionOffset=(0.0, 0.0), resetController=True, rotationOffset=0.0, speed=0.0, type='Lead', velocity=(0.0, 0.0), webotsName='LEAD', webotsObject=None, webotsType=None, width=1.0)), params=StructPoint())
202,SpacePoint(objects=StructPoint(object0=StructPoint(angularSpeed=0.0, controller=None, elevation=None, heading=-0.04165428798263002, lastActions=None, length=1.0, position=(-63.51412967895376, -104.11622604148704), positionOffset=(0.0, 0.0), resetController=True, rotationOffset=0.0, speed=0.0, type='Follower', velocity=(0.0, 0.0), webotsName='FOLLOWER', webotsObject=None, webotsType=None, width=1.0), object1=StructPoint(angularSpeed=0.0, color=[0.0, 1.0, 0.0], controller=None, elevation=None, heading=0.0, lastActions=None, length=1.0, position=(12.924242424242424, -51.5), positionOffset=(0.0, 0.0), resetController=True, rotationOffset=0.0, speed=0.0, type='ObstacleL', velocity=(0.0, 0.0), webotsName='OBSTACLE', webotsObject=None, webotsType=None, width=1.0), object2=StructPoint(angularSpeed=0.0, color=[0.0, 0.0, 1.0], controller=None, elevation=None, heading=0.0, lastActions=None, length=1.0, position=(51.92857142857143, -11.409090909090908), positionOffset=(0.0, 0.0), resetController=True, rotationOffset=0.0, speed=0.0, type='ObstacleS', velocity=(0.0, 0.0), webotsName='OBSTACLE', webotsObject=None, webotsType=None, width=1.0), object3=StructPoint(angularSpeed=0.0, color=[1.0, 0.0, 0.0], controller=None, elevation=None, heading=0.0, lastActions=None, length=1.0, position=(59.42424242424242, -38.5), positionOffset=(0.0, 0.0), resetController=True, rotationOffset=0.0, speed=0.0, type='ObstacleR', velocity=(0.0, 0.0), webotsName='OBSTACLE', webotsObject=None, webotsType=None, width=1.0), object4=StructPoint(angularSpeed=0.0, controller=None, elevation=None, heading=0.0, ind='R', lastActions=None, length=1.0, mode='falsify', position=(0, 0), positionOffset=(0.0, 0.0), resetController=True, rotationOffset=0.0, speed=0.0, type='Scenario', velocity=(0.0, 0.0), webotsName='SCENARIO', webotsObject=None, webotsType=None, width=1.0), object5=StructPoint(angularSpeed=0.0, controller=None, elevation=None, heading=-0.012509339047432228, lastActions=None, length=1.0, position=(-53.32840147021337, -105.61402795672592), positionOffset=(0.0, 0.0), resetController=True, rotationOffset=0.0, speed=0.0, type='Lead', velocity=(0.0, 0.0), webotsName='LEAD', webotsObject=None, webotsType=None, width=1.0)), params=StructPoint())
203,SpacePoint(objects=StructPoint(object0=StructPoint(angularSpeed=0.0, controller=None, elevation=None, heading=-0.08523836175676044, lastActions=None, length=1.0, position=(-64.80206655405124, -104.98551239558559), positionOffset=(0.0, 0.0), resetController=True, rotationOffset=0.0, speed=0.0, type='Follower', velocity=(0.0, 0.0), webotsName='FOLLOWER', webotsObject=None, webotsType=None, width=1.0), object1=StructPoint(angularSpeed=0.0, color=[0.0, 1.0, 0.0], controller=None, elevation=None, heading=0.0, lastActions=None, length=1.0, position=(22.772727272727273, -37.275510204081634), positionOffset=(0.0, 0.0), resetController=True, rotationOffset=0.0, speed=0.0, type='ObstacleL', velocity=(0.0, 0.0), webotsName='OBSTACLE', webotsObject=None, webotsType=None, width=1.0), object2=StructPoint(angularSpeed=0.0, color=[1.0, 0.0, 0.0], controller=None, elevation=None, heading=0.0, lastActions=None, length=1.0, position=(37.03061224489796, -24.742424242424242), positionOffset=(0.0, 0.0), resetController=True, rotationOffset=0.0, speed=0.0, type='ObstacleS', velocity=(0.0, 0.0), webotsName='OBSTACLE', webotsObject=None, webotsType=None, width=1.0), object3=StructPoint(angularSpeed=0.0, color=[0.0, 0.0, 0.5], controller=None, elevation=None, heading=0.0, lastActions=None, length=1.0, position=(66.4949494949495, -53.275510204081634), positionOffset=(0.0, 0.0), resetController=True, rotationOffset=0.0, speed=0.0, type='ObstacleR', velocity=(0.0, 0.0), webotsName='OBSTACLE', webotsObject=None, webotsType=None, width=1.0), object4=StructPoint(angularSpeed=0.0, controller=None, elevation=None, heading=0.0, ind='S', lastActions=None, length=1.0, mode='falsify', position=(0, 0), positionOffset=(0.0, 0.0), resetController=True, rotationOffset=0.0, speed=0.0, type='Scenario', velocity=(0.0, 0.0), webotsName='SCENARIO', webotsObject=None, webotsType=None, width=1.0), object5=StructPoint(angularSpeed=0.0, controller=None, elevation=None, heading=-0.08103487490642153, lastActions=None, length=1.0, position=(-53.07252269833541, -105.88072141647669), positionOffset=(0.0, 0.0), resetController=True, rotationOffset=0.0, speed=0.0, type='Lead', velocity=(0.0, 0.0), webotsName='LEAD', webotsObject=None, webotsType=None, width=1.0)), params=StructPoint())
204,SpacePoint(objects=StructPoint(object0=StructPoint(angularSpeed=0.0, controller=None, elevation=None, heading=-0.03231804488606561, lastActions=None, length=1.0, position=(-64.07868953451914, -105.6599385296027), positionOffset=(0.0, 0.0), resetController=True, rotationOffset=0.0, speed=0.0, type='Follower', velocity=(0.0, 0.0), webotsName='FOLLOWER', webotsObject=None, webotsType=None, width=1.0), object1=StructPoint(angularSpeed=0.0, color=[0.0, 0.0, 0.0], controller=None, elevation=None, heading=0.0, lastActions=None, length=1.0, position=(22.62121212121212, -53.765306122448976), positionOffset=(0.0, 0.0), resetController=True, rotationOffset=0.0, speed=0.0, type='ObstacleL', velocity=(0.0, 0.0), webotsName='OBSTACLE', webotsObject=None, webotsType=None, width=1.0), object2=StructPoint(angularSpeed=0.0, color=[0.0, 1.0, 0.0], controller=None, elevation=None, heading=0.0, lastActions=None, length=1.0, position=(36.60204081632653, -13.075757575757576), positionOffset=(0.0, 0.0), resetController=True, rotationOffset=0.0, speed=0.0, type='ObstacleS', velocity=(0.0, 0.0), webotsName='OBSTACLE', webotsObject=None, webotsType=None, width=1.0), object3=StructPoint(angularSpeed=0.0, color=[0.0, 0.0, 0.0], controller=None, elevation=None, heading=0.0, lastActions=None, length=1.0, position=(62.35353535353536, -52.60204081632653), positionOffset=(0.0, 0.0), resetController=True, rotationOffset=0.0, speed=0.0, type='ObstacleR', velocity=(0.0, 0.0), webotsName='OBSTACLE', webotsObject=None, webotsType=None, width=1.0), object4=StructPoint(angularSpeed=0.0, controller=None, elevation=None, heading=0.0, ind='S', lastActions=None, length=1.0, mode='falsify', position=(0, 0), positionOffset=(0.0, 0.0), resetController=True, rotationOffset=0.0, speed=0.0, type='Scenario', velocity=(0.0, 0.0), webotsName='SCENARIO', webotsObject=None, webotsType=None, width=1.0), object5=StructPoint(angularSpeed=0.0, controller=None, elevation=None, heading=0.04569435012049126, lastActions=None, length=1.0, position=(-52.8323988846243, -104.5561705531655), positionOffset=(0.0, 0.0), resetController=True, rotationOffset=0.0, speed=0.0, type='Lead', velocity=(0.0, 0.0), webotsName='LEAD', webotsObject=None, webotsType=None, width=1.0)), params=StructPoint())
205,SpacePoint(objects=StructPoint(object0=StructPoint(angularSpeed=0.0, controller=None, elevation=None, heading=0.07947937186372145, lastActions=None, length=1.0, position=(-64.65934926139857, -104.55696318917565), positionOffset=(0.0, 0.0), resetController=True, rotationOffset=0.0, speed=0.0, type='Follower', velocity=(0.0, 0.0), webotsName='FOLLOWER', webotsObject=None, webotsType=None, width=1.0), object1=StructPoint(angularSpeed=0.0, color=[0.0, 0.0, 0.0], controller=None, elevation=None, heading=0.0, lastActions=None, length=1.0, position=(11.40909090909091, -36.54081632653061), positionOffset=(0.0, 0.0), resetController=True, rotationOffset=0.0, speed=0.0, type='ObstacleL', velocity=(0.0, 0.0), webotsName='OBSTACLE', webotsObject=None, webotsType=None, width=1.0), object2=StructPoint(angularSpeed=0.0, color=[1.0, 1.0, 1.0], controller=None, elevation=None, heading=0.0, lastActions=None, length=1.0, position=(37.88775510204081, -16.257575757575758), positionOffset=(0.0, 0.0), resetController=True, rotationOffset=0.0, speed=0.0, type='ObstacleS', velocity=(0.0, 0.0), webotsName='OBSTACLE', webotsObject=None, webotsType=None, width=1.0), object3=StructPoint(angularSpeed=0.0, color=[0.0, 1.0, 0.0], controller=None, elevation=None, heading=0.0, lastActions=None, length=1.0, position=(65.98989898989899, -52.785714285714285), positionOffset=(0.0, 0.0), resetController=True, rotationOffset=0.0, speed=0.0, type='ObstacleR', velocity=(0.0, 0.0), webotsName='OBSTACLE', webotsObject=None, webotsType=None, width=1.0), object4=StructPoint(angularSpeed=0.0, controller=None, elevation=None, heading=0.0, ind='L', lastActions=None, length=1.0, mode='falsify', position=(0, 0), positionOffset=(0.0, 0.0), resetController=True, rotationOffset=0.0, speed=0.0, type='Scenario', velocity=(0.0, 0.0), webotsName='SCENARIO', webotsObject=None, webotsType=None, width=1.0), object5=StructPoint(angularSpeed=0.0, controller=None, elevation=None, heading=-0.07793521590574236, lastActions=None, length=1.0, position=(-54.96516191999916, -105.02265847983185), positionOffset=(0.0, 0.0), resetController=True, rotationOffset=0.0, speed=0.0, type='Lead', velocity=(0.0, 0.0), webotsName='LEAD', webotsObject=None, webotsType=None, width=1.0)), params=StructPoint())
